pokedex_num,Name,Type 1,Type 2,HP,Attack,Defense,Sp.Attack,Sp.Defense,Speed
0001,Bulbasaur,Grass,Poison,45,49,49,65,65,45
0002,Ivysaur,Grass,Poison,60,62,63,80,80,60
0003,Venusaur,Grass,Poison,80,82,83,100,100,80
0004,Charmander,Fire,,39,52,43,60,50,65
0005,Charmeleon,Fire,,58,64,58,80,65,80
0006,Charizard,Fire,Flying,78,84,78,109,85,100
0007,Squirtle,Water,,44,48,65,50,64,43
0008,Wartortle,Water,,59,63,80,65,80,58
0009,Blastoise,Water,,79,83,100,85,105,78
0010,Caterpie,Bug,,45,30,35,20,20,45
0011,Metapod,Bug,,50,20,55,25,25,30
0012,Butterfree,Bug,Flying,60,45,50,90,80,70
0013,Weedle,Bug,Poison,40,35,30,20,20,50
0014,Kakuna,Bug,Poison,45,25,50,25,25,35
0015,Beedrill,Bug,Poison,65,90,40,45,80,75
0016,Pidgey,Normal,Flying,40,45,40,35,35,56
0017,Pidgeotto,Normal,Flying,63,60,55,50,50,71
0018,Pidgeot,Normal,Flying,83,80,75,70,70,101
0019,Rattata,Normal,,30,56,35,25,35,72
0020,Raticate,Normal,,55,81,60,50,70,97
0021,Spearow,Normal,Flying,40,60,30,31,31,70
0022,Fearow,Normal,Flying,65,90,65,61,61,100
0023,Ekans,Poison,,35,60,44,40,54,55
0024,Arbok,Poison,,60,95,69,65,79,80
0025,Pikachu,Electric,,35,55,40,50,50,90
0026,Raichu,Electric,,60,90,55,90,80,110
0027,Sandshrew,Ground,,50,75,85,20,30,40
0028,Sandslash,Ground,,75,100,110,45,55,65
0029,Nidoran♀,Poison,,55,47,52,40,40,41
0030,Nidorina,Poison,,70,62,67,55,55,56
0031,Nidoqueen,Poison,Ground,90,92,87,75,85,76
0032,Nidoran♂,Poison,,46,57,40,40,40,50
0033,Nidorino,Poison,,61,72,57,55,55,65
0034,Nidoking,Poison,Ground,81,102,77,85,75,85
0035,Clefairy,Fairy,,70,45,48,60,65,35
0036,Clefable,Fairy,,95,70,73,95,90,60
0037,Vulpix,Fire,,38,41,40,50,65,65
0038,Ninetales,Fire,,73,76,75,81,100,100
0039,Jigglypuff,Normal,Fairy,115,45,20,45,25,20
0040,Wigglytuff,Normal,Fairy,140,70,45,85,50,45
0041,Zubat,Poison,Flying,40,45,35,30,40,55
0042,Golbat,Poison,Flying,75,80,70,65,75,90
0043,Oddish,Grass,Poison,45,50,55,75,65,30
0044,Gloom,Grass,Poison,60,65,70,85,75,40
0045,Vileplume,Grass,Poison,75,80,85,110,90,50
0046,Paras,Bug,Grass,35,70,55,45,55,25
0047,Parasect,Bug,Grass,60,95,80,60,80,30
0048,Venonat,Bug,Poison,60,55,50,40,55,45
0049,Venomoth,Bug,Poison,70,65,60,90,75,90
0050,Diglett,Ground,,10,55,25,35,45,95
0051,Dugtrio,Ground,,35,100,50,50,70,120
0052,Meowth,Normal,,40,45,35,40,40,90
0053,Persian,Normal,,65,70,60,65,65,115
0054,Psyduck,Water,,50,52,48,65,50,55
0055,Golduck,Water,,80,82,78,95,80,85
0056,Mankey,Fighting,,40,80,35,35,45,70
0057,Primeape,Fighting,,65,105,60,60,70,95
0058,Growlithe,Fire,,55,70,45,70,50,60
0059,Arcanine,Fire,,90,110,80,100,80,95
0060,Poliwag,Water,,40,50,40,40,40,90
0061,Poliwhirl,Water,,65,65,65,50,50,90
0062,Poliwrath,Water,Fighting,90,95,95,70,90,70
0063,Abra,Psychic,,25,20,15,105,55,90
0064,Kadabra,Psychic,,40,35,30,120,70,105
0065,Alakazam,Psychic,,55,50,45,135,95,120
0066,Machop,Fighting,,70,80,50,35,35,35
0067,Machoke,Fighting,,80,100,70,50,60,45
0068,Machamp,Fighting,,90,130,80,65,85,55
0069,Bellsprout,Grass,Poison,50,75,35,70,30,40
0070,Weepinbell,Grass,Poison,65,90,50,85,45,55
0071,Victreebel,Grass,Poison,80,105,65,100,70,70
0072,Tentacool,Water,Poison,40,40,35,50,100,70
0073,Tentacruel,Water,Poison,80,70,65,80,120,100
0074,Geodude,Rock,Ground,40,80,100,30,30,20
0075,Graveler,Rock,Ground,55,95,115,45,45,35
0076,Golem,Rock,Ground,80,120,130,55,65,45
0077,Ponyta,Fire,,50,85,55,65,65,90
0078,Rapidash,Fire,,65,100,70,80,80,105
0079,Slowpoke,Water,Psychic,90,65,65,40,40,15
0080,Slowbro,Water,Psychic,95,75,110,100,80,30
0081,Magnemite,Electric,Steel,25,35,70,95,55,45
0082,Magneton,Electric,Steel,50,60,95,120,70,70
0083,Farfetch'd,Normal,Flying,52,90,55,58,62,60
0084,Doduo,Normal,Flying,35,85,45,35,35,75
0085,Dodrio,Normal,Flying,60,110,70,60,60,110
0086,Seel,Water,,65,45,55,45,70,45
0087,Dewgong,Water,Ice,90,70,80,70,95,70
0088,Grimer,Poison,,80,80,50,40,50,25
0089,Muk,Poison,,105,105,75,65,100,50
0090,Shellder,Water,,30,65,100,45,25,40
0091,Cloyster,Water,Ice,50,95,180,85,45,70
0092,Gastly,Ghost,Poison,30,35,30,100,35,80
0093,Haunter,Ghost,Poison,45,50,45,115,55,95
0094,Gengar,Ghost,Poison,60,65,60,130,75,110
0095,Onix,Rock,Ground,35,45,160,30,45,70
0096,Drowzee,Psychic,,60,48,45,43,90,42
0097,Hypno,Psychic,,85,73,70,73,115,67
0098,Krabby,Water,,30,105,90,25,25,50
0099,Kingler,Water,,55,130,115,50,50,75
0100,Voltorb,Electric,,40,30,50,55,55,100
0101,Electrode,Electric,,60,50,70,80,80,150
0102,Exeggcute,Grass,Psychic,60,40,80,60,45,40
0103,Exeggutor,Grass,Psychic,95,95,85,125,75,55
0104,Cubone,Ground,,50,50,95,40,50,35
0105,Marowak,Ground,,60,80,110,50,80,45
0106,Hitmonlee,Fighting,,50,120,53,35,110,87
0107,Hitmonchan,Fighting,,50,105,79,35,110,76
0108,Lickitung,Normal,,90,55,75,60,75,30
0109,Koffing,Poison,,40,65,95,60,45,35
0110,Weezing,Poison,,65,90,120,85,70,60
0111,Rhyhorn,Ground,Rock,80,85,95,30,30,25
0112,Rhydon,Ground,Rock,105,130,120,45,45,40
0113,Chansey,Normal,,250,5,5,35,105,50
0114,Tangela,Grass,,65,55,115,100,40,60
0115,Kangaskhan,Normal,,105,95,80,40,80,90
0116,Horsea,Water,,30,40,70,70,25,60
0117,Seadra,Water,,55,65,95,95,45,85
0118,Goldeen,Water,,45,67,60,35,50,63
0119,Seaking,Water,,80,92,65,65,80,68
0120,Staryu,Water,,30,45,55,70,55,85
0121,Starmie,Water,Psychic,60,75,85,100,85,115
0122,Mr. Mime,Psychic,Fairy,40,45,65,100,120,90
0123,Scyther,Bug,Flying,70,110,80,55,80,105
0124,Jynx,Ice,Psychic,65,50,35,115,95,95
0125,Electabuzz,Electric,,65,83,57,95,85,105
0126,Magmar,Fire,,65,95,57,100,85,93
0127,Pinsir,Bug,,65,125,100,55,70,85
0128,Tauros,Normal,,75,100,95,40,70,110
0129,Magikarp,Water,,20,10,55,15,20,80
0130,Gyarados,Water,Flying,95,125,79,60,100,81
0131,Lapras,Water,Ice,130,85,80,85,95,60
0132,Ditto,Normal,,48,48,48,48,48,48
0133,Eevee,Normal,,55,55,50,45,65,55
0134,Vaporeon,Water,,130,65,60,110,95,65
0135,Jolteon,Electric,,65,65,60,110,95,130
0136,Flareon,Fire,,65,130,60,95,110,65
0137,Porygon,Normal,,65,60,70,85,75,40
0138,Omanyte,Rock,Water,35,40,100,90,55,35
0139,Omastar,Rock,Water,70,60,125,115,70,55
0140,Kabuto,Rock,Water,30,80,90,55,45,55
0141,Kabutops,Rock,Water,60,115,105,65,70,80
0142,Aerodactyl,Rock,Flying,80,105,65,60,75,130
0143,Snorlax,Normal,,160,110,65,65,110,30
0144,Articuno,Ice,Flying,90,85,100,95,125,85
0145,Zapdos,Electric,Flying,90,90,85,125,90,100
0146,Moltres,Fire,Flying,90,100,90,125,85,90
0147,Dratini,Dragon,,41,64,45,50,50,50
0148,Dragonair,Dragon,,61,84,65,70,70,70
0149,Dragonite,Dragon,Flying,91,134,95,100,100,80
0150,Mewtwo,Psychic,,106,110,90,154,90,130
0151,Mew,Psychic,,100,100,100,100,100,100
0152,Chikorita,Grass,,45,49,65,49,65,45
0153,Bayleef,Grass,,60,62,80,63,80,60
0154,Meganium,Grass,,80,82,100,83,100,80
0155,Cyndaquil,Fire,,39,52,43,60,50,65
0156,Quilava,Fire,,58,64,58,80,65,80
0157,Typhlosion,Fire,,78,84,78,109,85,100
0158,Totodile,Water,,50,65,64,44,48,43
0159,Croconaw,Water,,65,80,80,59,63,58
0160,Feraligatr,Water,,85,105,100,79,83,78
0161,Sentret,Normal,,35,46,34,35,45,20
0162,Furret,Normal,,85,76,64,45,55,90
0163,Hoothoot,Normal,Flying,60,30,30,36,56,50
0164,Noctowl,Normal,Flying,100,50,50,86,96,70
0165,Ledyba,Bug,Flying,40,20,30,40,80,55
0166,Ledian,Bug,Flying,55,35,50,55,110,85
0167,Spinarak,Bug,Poison,40,60,40,40,40,30
0168,Ariados,Bug,Poison,70,90,70,60,70,40
0169,Crobat,Poison,Flying,85,90,80,70,80,130
0170,Chinchou,Water,Electric,75,38,38,56,56,67
0171,Lanturn,Water,Electric,125,58,58,76,76,67
0172,Pichu,Electric,,20,40,15,35,35,60
0173,Cleffa,Fairy,,50,25,28,45,55,15
0174,Igglybuff,Normal,Fairy,90,30,15,40,20,15
0175,Togepi,Fairy,,35,20,65,40,65,20
0176,Togetic,Fairy,Flying,55,40,85,80,105,40
0177,Natu,Psychic,Flying,40,50,45,70,45,70
0178,Xatu,Psychic,Flying,65,75,70,95,70,95
0179,Mareep,Electric,,55,40,40,65,45,35
0180,Flaaffy,Electric,,70,55,55,80,60,45
0181,Ampharos,Electric,,90,75,85,115,90,55
0182,Bellossom,Grass,,75,80,95,90,100,50
0183,Marill,Water,Fairy,70,20,50,20,50,40
0184,Azumarill,Water,Fairy,100,50,80,60,80,50
0185,Sudowoodo,Rock,,70,100,115,30,65,30
0186,Politoed,Water,,90,75,75,90,100,70
0187,Hoppip,Grass,Flying,35,35,40,35,55,50
0188,Skiploom,Grass,Flying,55,45,50,45,65,80
0189,Jumpluff,Grass,Flying,75,55,70,55,95,110
0190,Aipom,Normal,,55,70,55,40,55,85
0191,Sunkern,Grass,,30,30,30,30,30,30
0192,Sunflora,Grass,,75,75,55,105,85,30
0193,Yanma,Bug,Flying,65,65,45,75,45,95
0194,Wooper,Water,Ground,55,45,45,25,25,15
0195,Quagsire,Water,Ground,95,85,85,65,65,35
0196,Espeon,Psychic,,65,65,60,130,95,110
0197,Umbreon,Dark,,95,65,110,60,130,65
0198,Murkrow,Dark,Flying,60,85,42,85,42,91
0199,Slowking,Water,Psychic,95,75,80,100,110,30
0200,Misdreavus,Ghost,,60,60,60,85,85,85
0201,Unown,Psychic,,48,72,48,72,48,48
0202,Wobbuffet,Psychic,,190,33,58,33,58,33
0203,Girafarig,Normal,Psychic,70,80,65,90,65,85
0204,Pineco,Bug,,50,65,90,35,35,15
0205,Forretress,Bug,Steel,75,90,140,60,60,40
0206,Dunsparce,Normal,,100,70,70,65,65,45
0207,Gligar,Ground,Flying,65,75,105,35,65,85
0208,Steelix,Steel,Ground,75,85,200,55,65,30
0209,Snubbull,Fairy,,60,80,50,40,40,30
0210,Granbull,Fairy,,90,120,75,60,60,45
0211,Qwilfish,Water,Poison,65,95,85,55,55,85
0212,Scizor,Bug,Steel,70,130,100,55,80,65
0213,Shuckle,Bug,Rock,20,10,230,10,230,5
0214,Heracross,Bug,Fighting,80,125,75,40,95,85
0215,Sneasel,Dark,Ice,55,95,55,35,75,115
0216,Teddiursa,Normal,,60,80,50,50,50,40
0217,Ursaring,Normal,,90,130,75,75,75,55
0218,Slugma,Fire,,40,40,40,70,40,20
0219,Magcargo,Fire,Rock,60,50,120,90,80,30
0220,Swinub,Ice,Ground,50,50,40,30,30,50
0221,Piloswine,Ice,Ground,100,100,80,60,60,50
0222,Corsola,Water,Rock,65,55,95,65,95,35
0223,Remoraid,Water,,35,65,35,65,35,65
0224,Octillery,Water,,75,105,75,105,75,45
0225,Delibird,Ice,Flying,45,55,45,65,45,75
0226,Mantine,Water,Flying,85,40,70,80,140,70
0227,Skarmory,Steel,Flying,65,80,140,40,70,70
0228,Houndour,Dark,Fire,45,60,30,80,50,65
0229,Houndoom,Dark,Fire,75,90,50,110,80,95
0230,Kingdra,Water,Dragon,75,95,95,95,95,85
0231,Phanpy,Ground,,90,60,60,40,40,40
0232,Donphan,Ground,,90,120,120,60,60,50
0233,Porygon2,Normal,,85,80,90,105,95,60
0234,Stantler,Normal,,73,95,62,85,65,85
0235,Smeargle,Normal,,55,20,35,20,45,75
0236,Tyrogue,Fighting,,35,35,35,35,35,35
0237,Hitmontop,Fighting,,50,95,95,35,110,70
0238,Smoochum,Ice,Psychic,45,30,15,85,65,65
0239,Elekid,Electric,,45,63,37,65,55,95
0240,Magby,Fire,,45,75,37,70,55,83
0241,Miltank,Normal,,95,80,105,40,70,100
0242,Blissey,Normal,,255,10,10,75,135,55
0243,Raikou,Electric,,90,85,75,115,100,115
0244,Entei,Fire,,115,115,85,90,75,100
0245,Suicune,Water,,100,75,115,90,115,85
0246,Larvitar,Rock,Ground,50,64,50,45,50,41
0247,Pupitar,Rock,Ground,70,84,70,65,70,51
0248,Tyranitar,Rock,Dark,100,134,110,95,100,61
0249,Lugia,Psychic,Flying,106,90,130,90,154,110
0250,Ho-oh,Fire,Flying,106,130,90,110,154,90
0251,Celebi,Psychic,Grass,100,100,100,100,100,100
0252,Treecko,Grass,,40,45,35,65,55,70
0253,Grovyle,Grass,,50,65,45,85,65,95
0254,Sceptile,Grass,,70,85,65,105,85,120
0255,Torchic,Fire,,45,60,40,70,50,45
0256,Combusken,Fire,Fighting,60,85,60,85,60,55
0257,Blaziken,Fire,Fighting,80,120,70,110,70,80
0258,Mudkip,Water,,50,70,50,50,50,40
0259,Marshtomp,Water,Ground,70,85,70,60,70,50
0260,Swampert,Water,Ground,100,110,90,85,90,60
0261,Poochyena,Dark,,35,55,35,30,30,35
0262,Mightyena,Dark,,70,90,70,60,60,70
0263,Zigzagoon,Normal,,38,30,41,30,41,60
0264,Linoone,Normal,,78,70,61,50,61,100
0265,Wurmple,Bug,,45,45,35,20,30,20
0266,Silcoon,Bug,,50,35,55,25,25,15
0267,Beautifly,Bug,Flying,60,70,50,100,50,65
0268,Cascoon,Bug,,50,35,55,25,25,15
0269,Dustox,Bug,Poison,60,50,70,50,90,65
0270,Lotad,Water,Grass,40,30,30,40,50,30
0271,Lombre,Water,Grass,60,50,50,60,70,50
0272,Ludicolo,Water,Grass,80,70,70,90,100,70
0273,Seedot,Grass,,40,40,50,30,30,30
0274,Nuzleaf,Grass,Dark,70,70,40,60,40,60
0275,Shiftry,Grass,Dark,90,100,60,90,60,80
0276,Taillow,Normal,Flying,40,55,30,30,30,85
0277,Swellow,Normal,Flying,60,85,60,75,50,125
0278,Wingull,Water,Flying,40,30,30,55,30,85
0279,Pelipper,Water,Flying,60,50,100,95,70,65
0280,Ralts,Psychic,Fairy,28,25,25,45,35,40
0281,Kirlia,Psychic,Fairy,38,35,35,65,55,50
0282,Gardevoir,Psychic,Fairy,68,65,65,125,115,80
0283,Surskit,Bug,Water,40,30,32,50,52,65
0284,Masquerain,Bug,Flying,70,60,62,100,82,80
0285,Shroomish,Grass,,60,40,60,40,60,35
0286,Breloom,Grass,Fighting,60,130,80,60,60,70
0287,Slakoth,Normal,,60,60,60,35,35,30
0288,Vigoroth,Normal,,80,80,80,55,55,90
0289,Slaking,Normal,,150,160,100,95,65,100
0290,Nincada,Bug,Ground,31,45,90,30,30,40
0291,Ninjask,Bug,Flying,61,90,45,50,50,160
0292,Shedinja,Bug,Ghost,1,90,45,30,30,40
0293,Whismur,Normal,,64,51,23,51,23,28
0294,Loudred,Normal,,84,71,43,71,43,48
0295,Exploud,Normal,,104,91,63,91,73,68
0296,Makuhita,Fighting,,72,60,30,20,30,25
0297,Hariyama,Fighting,,144,120,60,40,60,50
0298,Azurill,Normal,Fairy,50,20,40,20,40,20
0299,Nosepass,Rock,,30,45,135,45,90,30
0300,Skitty,Normal,,50,45,45,35,35,50
0301,Delcatty,Normal,,70,65,65,55,55,90
0302,Sableye,Dark,Ghost,50,75,75,65,65,50
0303,Mawile,Steel,Fairy,50,85,85,55,55,50
0304,Aron,Steel,Rock,50,70,100,40,40,30
0305,Lairon,Steel,Rock,60,90,140,50,50,40
0306,Aggron,Steel,Rock,70,110,180,60,60,50
0307,Meditite,Fighting,Psychic,30,40,55,40,55,60
0308,Medicham,Fighting,Psychic,60,60,75,60,75,80
0309,Electrike,Electric,,40,45,40,65,40,65
0310,Manectric,Electric,,70,75,60,105,60,105
0311,Plusle,Electric,,60,50,40,85,75,95
0312,Minun,Electric,,60,40,50,75,85,95
0313,Volbeat,Bug,,65,73,75,47,85,85
0314,Illumise,Bug,,65,47,75,73,85,85
0315,Roselia,Grass,Poison,50,60,45,100,80,65
0316,Gulpin,Poison,,70,43,53,43,53,40
0317,Swalot,Poison,,100,73,83,73,83,55
0318,Carvanha,Water,Dark,45,90,20,65,20,65
0319,Sharpedo,Water,Dark,70,120,40,95,40,95
0320,Wailmer,Water,,130,70,35,70,35,60
0321,Wailord,Water,,170,90,45,90,45,60
0322,Numel,Fire,Ground,60,60,40,65,45,35
0323,Camerupt,Fire,Ground,70,100,70,105,75,40
0324,Torkoal,Fire,,70,85,140,85,70,20
0325,Spoink,Psychic,,60,25,35,70,80,60
0326,Grumpig,Psychic,,80,45,65,90,110,80
0327,Spinda,Normal,,60,60,60,60,60,60
0328,Trapinch,Ground,,45,100,45,45,45,10
0329,Vibrava,Ground,Dragon,50,70,50,50,50,70
0330,Flygon,Ground,Dragon,80,100,80,80,80,100
0331,Cacnea,Grass,,50,85,40,85,40,35
0332,Cacturne,Grass,Dark,70,115,60,115,60,55
0333,Swablu,Normal,Flying,45,40,60,40,75,50
0334,Altaria,Dragon,Flying,75,70,90,70,105,80
0335,Zangoose,Normal,,73,115,60,60,60,90
0336,Seviper,Poison,,73,100,60,100,60,65
0337,Lunatone,Rock,Psychic,90,55,65,95,85,70
0338,Solrock,Rock,Psychic,90,95,85,55,65,70
0339,Barboach,Water,Ground,50,48,43,46,41,60
0340,Whiscash,Water,Ground,110,78,73,76,71,60
0341,Corphish,Water,,43,80,65,50,35,35
0342,Crawdaunt,Water,Dark,63,120,85,90,55,55
0343,Baltoy,Ground,Psychic,40,40,55,40,70,55
0344,Claydol,Ground,Psychic,60,70,105,70,120,75
0345,Lileep,Rock,Grass,66,41,77,61,87,23
0346,Cradily,Rock,Grass,86,81,97,81,107,43
0347,Anorith,Rock,Bug,45,95,50,40,50,75
0348,Armaldo,Rock,Bug,75,125,100,70,80,45
0349,Feebas,Water,,20,15,20,10,55,80
0350,Milotic,Water,,95,60,79,100,125,81
0351,Castform,Normal,,70,70,70,70,70,70
0352,Kecleon,Normal,,60,90,70,60,120,40
0353,Shuppet,Ghost,,44,75,35,63,33,45
0354,Banette,Ghost,,64,115,65,83,63,65
0355,Duskull,Ghost,,20,40,90,30,90,25
0356,Dusclops,Ghost,,40,70,130,60,130,25
0357,Tropius,Grass,Flying,99,68,83,72,87,51
0358,Chimecho,Psychic,,75,50,80,95,90,65
0359,Absol,Dark,,65,130,60,75,60,75
0360,Wynaut,Psychic,,95,23,48,23,48,23
0361,Snorunt,Ice,,50,50,50,50,50,50
0362,Glalie,Ice,,80,80,80,80,80,80
0363,Spheal,Ice,Water,70,40,50,55,50,25
0364,Sealeo,Ice,Water,90,60,70,75,70,45
0365,Walrein,Ice,Water,110,80,90,95,90,65
0366,Clamperl,Water,,35,64,85,74,55,32
0367,Huntail,Water,,55,104,105,94,75,52
0368,Gorebyss,Water,,55,84,105,114,75,52
0369,Relicanth,Water,Rock,100,90,130,45,65,55
0370,Luvdisc,Water,,43,30,55,40,65,97
0371,Bagon,Dragon,,45,75,60,40,30,50
0372,Shelgon,Dragon,,65,95,100,60,50,50
0373,Salamence,Dragon,Flying,95,135,80,110,80,100
0374,Beldum,Steel,Psychic,40,55,80,35,60,30
0375,Metang,Steel,Psychic,60,75,100,55,80,50
0376,Metagross,Steel,Psychic,80,135,130,95,90,70
0377,Regirock,Rock,,80,100,200,50,100,50
0378,Regice,Ice,,80,50,100,100,200,50
0379,Registeel,Steel,,80,75,150,75,150,50
0380,Latias,Dragon,Psychic,80,80,90,110,130,110
0381,Latios,Dragon,Psychic,80,90,80,130,110,110
0382,Kyogre,Water,,100,100,90,150,140,90
0383,Groudon,Ground,,100,150,140,100,90,90
0384,Rayquaza,Dragon,Flying,105,150,90,150,90,95
0385,Jirachi,Steel,Psychic,100,100,100,100,100,100
0386,Deoxys,Psychic,,50,150,50,150,50,150
0387,Turtwig,Grass,,55,68,64,45,55,31
0388,Grotle,Grass,,75,89,85,55,65,36
0389,Torterra,Grass,Ground,95,109,105,75,85,56
0390,Chimchar,Fire,,44,58,44,58,44,61
0391,Monferno,Fire,Fighting,64,78,52,78,52,81
0392,Infernape,Fire,Fighting,76,104,71,104,71,108
0393,Piplup,Water,,53,51,53,61,56,40
0394,Prinplup,Water,,64,66,68,81,76,50
0395,Empoleon,Water,Steel,84,86,88,111,101,60
0396,Starly,Normal,Flying,40,55,30,30,30,60
0397,Staravia,Normal,Flying,55,75,50,40,40,80
0398,Staraptor,Normal,Flying,85,120,70,50,60,100
0399,Bidoof,Normal,,59,45,40,35,40,31
0400,Bibarel,Normal,Water,79,85,60,55,60,71
0401,Kricketot,Bug,,37,25,41,25,41,25
0402,Kricketune,Bug,,77,85,51,55,51,65
0403,Shinx,Electric,,45,65,34,40,34,45
0404,Luxio,Electric,,60,85,49,60,49,60
0405,Luxray,Electric,,80,120,79,95,79,70
0406,Budew,Grass,Poison,40,30,35,50,70,55
0407,Roserade,Grass,Poison,60,70,65,125,105,90
0408,Cranidos,Rock,,67,125,40,30,30,58
0409,Rampardos,Rock,,97,165,60,65,50,58
0410,Shieldon,Rock,Steel,30,42,118,42,88,30
0411,Bastiodon,Rock,Steel,60,52,168,47,138,30
0412,Burmy,Bug,,40,29,45,29,45,36
0413,Wormadam,Bug,Grass,60,59,85,79,105,36
0414,Mothim,Bug,Flying,70,94,50,94,50,66
0415,Combee,Bug,Flying,30,30,42,30,42,70
0416,Vespiquen,Bug,Flying,70,80,102,80,102,40
0417,Pachirisu,Electric,,60,45,70,45,90,95
0418,Buizel,Water,,55,65,35,60,30,85
0419,Floatzel,Water,,85,105,55,85,50,115
0420,Cherubi,Grass,,45,35,45,62,53,35
0421,Cherrim,Grass,,70,60,70,87,78,85
0422,Shellos,Water,,76,48,48,57,62,34
0423,Gastrodon,Water,Ground,111,83,68,92,82,39
0424,Ambipom,Normal,,75,100,66,60,66,115
0425,Drifloon,Ghost,Flying,90,50,34,60,44,70
0426,Drifblim,Ghost,Flying,150,80,44,90,54,80
0427,Buneary,Normal,,55,66,44,44,56,85
0428,Lopunny,Normal,,65,76,84,54,96,105
0429,Mismagius,Ghost,,60,60,60,105,105,105
0430,Honchkrow,Dark,Flying,100,125,52,105,52,71
0431,Glameow,Normal,,49,55,42,42,37,85
0432,Purugly,Normal,,71,82,64,64,59,112
0433,Chingling,Psychic,,45,30,50,65,50,45
0434,Stunky,Poison,Dark,63,63,47,41,41,74
0435,Skuntank,Poison,Dark,103,93,67,71,61,84
0436,Bronzor,Steel,Psychic,57,24,86,24,86,23
0437,Bronzong,Steel,Psychic,67,89,116,79,116,33
0438,Bonsly,Rock,,50,80,95,10,45,10
0439,Mime Jr.,Psychic,Fairy,20,25,45,70,90,60
0440,Happiny,Normal,,100,5,5,15,65,30
0441,Chatot,Normal,Flying,76,65,45,92,42,91
0442,Spiritomb,Ghost,Dark,50,92,108,92,108,35
0443,Gible,Dragon,Ground,58,70,45,40,45,42
0444,Gabite,Dragon,Ground,68,90,65,50,55,82
0445,Garchomp,Dragon,Ground,108,130,95,80,85,102
0446,Munchlax,Normal,,135,85,40,40,85,5
0447,Riolu,Fighting,,40,70,40,35,40,60
0448,Lucario,Fighting,Steel,70,110,70,115,70,90
0449,Hippopotas,Ground,,68,72,78,38,42,32
0450,Hippowdon,Ground,,108,112,118,68,72,47
0451,Skorupi,Poison,Bug,40,50,90,30,55,65
0452,Drapion,Poison,Dark,70,90,110,60,75,95
0453,Croagunk,Poison,Fighting,48,61,40,61,40,50
0454,Toxicroak,Poison,Fighting,83,106,65,86,65,85
0455,Carnivine,Grass,,74,100,72,90,72,46
0456,Finneon,Water,,49,49,56,49,61,66
0457,Lumineon,Water,,69,69,76,69,86,91
0458,Mantyke,Water,Flying,45,20,50,60,120,50
0459,Snover,Grass,Ice,60,62,50,62,60,40
0460,Abomasnow,Grass,Ice,90,92,75,92,85,60
0461,Weavile,Dark,Ice,70,120,65,45,85,125
0462,Magnezone,Electric,Steel,70,70,115,130,90,60
0463,Lickilicky,Normal,,110,85,95,80,95,50
0464,Rhyperior,Ground,Rock,115,140,130,55,55,40
0465,Tangrowth,Grass,,100,100,125,110,50,50
0466,Electivire,Electric,,75,123,67,95,85,95
0467,Magmortar,Fire,,75,95,67,125,95,83
0468,Togekiss,Fairy,Flying,85,50,95,120,115,80
0469,Yanmega,Bug,Flying,86,76,86,116,56,95
0470,Leafeon,Grass,,65,110,130,60,65,95
0471,Glaceon,Ice,,65,60,110,130,95,65
0472,Gliscor,Ground,Flying,75,95,125,45,75,95
0473,Mamoswine,Ice,Ground,110,130,80,70,60,80
0474,Porygon-Z,Normal,,85,80,70,135,75,90
0475,Gallade,Psychic,Fighting,68,125,65,65,115,80
0476,Probopass,Rock,Steel,60,55,145,75,150,40
0477,Dusknoir,Ghost,,45,100,135,65,135,45
0478,Froslass,Ice,Ghost,70,80,70,80,70,110
0479,Rotom,Electric,Ghost,50,50,77,95,77,91
0480,Uxie,Psychic,,75,75,130,75,130,95
0481,Mesprit,Psychic,,80,105,105,105,105,80
0482,Azelf,Psychic,,75,125,70,125,70,115
0483,Dialga,Steel,Dragon,100,120,120,150,100,90
0484,Palkia,Water,Dragon,90,120,100,150,120,100
0485,Heatran,Fire,Steel,91,90,106,130,106,77
0486,Regigigas,Normal,,110,160,110,80,110,100
0487,Giratina,Ghost,Dragon,150,100,120,100,120,90
0488,Cresselia,Psychic,,120,70,110,75,120,85
0489,Phione,Water,,80,80,80,80,80,80
0490,Manaphy,Water,,100,100,100,100,100,100
0491,Darkrai,Dark,,70,90,90,135,90,125
0492,Shaymin,Grass,,100,100,100,100,100,100
0493,Arceus,Normal,,120,120,120,120,120,120
0494,Victini,Psychic,Fire,100,100,100,100,100,100
0495,Snivy,Grass,,45,45,55,45,55,63
0496,Servine,Grass,,60,60,75,60,75,83
0497,Serperior,Grass,,75,75,95,75,95,113
0498,Tepig,Fire,,65,63,45,45,45,45
0499,Pignite,Fire,Fighting,90,93,55,70,55,55
0500,Emboar,Fire,Fighting,110,123,65,100,65,65
0501,Oshawott,Water,,55,55,45,63,45,45
0502,Dewott,Water,,75,75,60,83,60,60
0503,Samurott,Water,,95,100,85,108,70,70
0504,Patrat,Normal,,45,55,39,35,39,42
0505,Watchog,Normal,,60,85,69,60,69,77
0506,Lillipup,Normal,,45,60,45,25,45,55
0507,Herdier,Normal,,65,80,65,35,65,60
0508,Stoutland,Normal,,85,110,90,45,90,80
0509,Purrloin,Dark,,41,50,37,50,37,66
0510,Liepard,Dark,,64,88,50,88,50,106
0511,Pansage,Grass,,50,53,48,53,48,64
0512,Simisage,Grass,,75,98,63,98,63,101
0513,Pansear,Fire,,50,53,48,53,48,64
0514,Simisear,Fire,,75,98,63,98,63,101
0515,Panpour,Water,,50,53,48,53,48,64
0516,Simipour,Water,,75,98,63,98,63,101
0517,Munna,Psychic,,76,25,45,67,55,24
0518,Musharna,Psychic,,116,55,85,107,95,29
0519,Pidove,Normal,Flying,50,55,50,36,30,43
0520,Tranquill,Normal,Flying,62,77,62,50,42,65
0521,Unfezant,Normal,Flying,80,115,80,65,55,93
0522,Blitzle,Electric,,45,60,32,50,32,76
0523,Zebstrika,Electric,,75,100,63,80,63,116
0524,Roggenrola,Rock,,55,75,85,25,25,15
0525,Boldore,Rock,,70,105,105,50,40,20
0526,Gigalith,Rock,,85,135,130,60,80,25
0527,Woobat,Psychic,Flying,65,45,43,55,43,72
0528,Swoobat,Psychic,Flying,67,57,55,77,55,114
0529,Drilbur,Ground,,60,85,40,30,45,68
0530,Excadrill,Ground,Steel,110,135,60,50,65,88
0531,Audino,Normal,,103,60,86,60,86,50
0532,Timburr,Fighting,,75,80,55,25,35,35
0533,Gurdurr,Fighting,,85,105,85,40,50,40
0534,Conkeldurr,Fighting,,105,140,95,55,65,45
0535,Tympole,Water,,50,50,40,50,40,64
0536,Palpitoad,Water,Ground,75,65,55,65,55,69
0537,Seismitoad,Water,Ground,105,95,75,85,75,74
0538,Throh,Fighting,,120,100,85,30,85,45
0539,Sawk,Fighting,,75,125,75,30,75,85
0540,Sewaddle,Bug,Grass,45,53,70,40,60,42
0541,Swadloon,Bug,Grass,55,63,90,50,80,42
0542,Leavanny,Bug,Grass,75,103,80,70,80,92
0543,Venipede,Bug,Poison,30,45,59,30,39,57
0544,Whirlipede,Bug,Poison,40,55,99,40,79,47
0545,Scolipede,Bug,Poison,60,100,89,55,69,112
0546,Cottonee,Grass,Fairy,40,27,60,37,50,66
0547,Whimsicott,Grass,Fairy,60,67,85,77,75,116
0548,Petilil,Grass,,45,35,50,70,50,30
0549,Lilligant,Grass,,70,60,75,110,75,90
0550,Basculin,Water,,70,92,65,80,55,98
0551,Sandile,Ground,Dark,50,72,35,35,35,65
0552,Krokorok,Ground,Dark,60,82,45,45,45,74
0553,Krookodile,Ground,Dark,95,117,80,65,70,92
0554,Darumaka,Fire,,70,90,45,15,45,50
0555,Darmanitan,Fire,,105,140,55,30,55,95
0556,Maractus,Grass,,75,86,67,106,67,60
0557,Dwebble,Bug,Rock,50,65,85,35,35,55
0558,Crustle,Bug,Rock,70,105,125,65,75,45
0559,Scraggy,Dark,Fighting,50,75,70,35,70,48
0560,Scrafty,Dark,Fighting,65,90,115,45,115,58
0561,Sigilyph,Psychic,Flying,72,58,80,103,80,97
0562,Yamask,Ghost,,38,30,85,55,65,30
0563,Cofagrigus,Ghost,,58,50,145,95,105,30
0564,Tirtouga,Water,Rock,54,78,103,53,45,22
0565,Carracosta,Water,Rock,74,108,133,83,65,32
0566,Archen,Rock,Flying,55,112,45,74,45,70
0567,Archeops,Rock,Flying,75,140,65,112,65,110
0568,Trubbish,Poison,,50,50,62,40,62,65
0569,Garbodor,Poison,,80,95,82,60,82,75
0570,Zorua,Dark,,40,65,40,80,40,65
0571,Zoroark,Dark,,60,105,60,120,60,105
0572,Minccino,Normal,,55,50,40,40,40,75
0573,Cinccino,Normal,,75,95,60,65,60,115
0574,Gothita,Psychic,,45,30,50,55,65,45
0575,Gothorita,Psychic,,60,45,70,75,85,55
0576,Gothitelle,Psychic,,70,55,95,95,110,65
0577,Solosis,Psychic,,45,30,40,105,50,20
0578,Duosion,Psychic,,65,40,50,125,60,30
0579,Reuniclus,Psychic,,110,65,75,125,85,30
0580,Ducklett,Water,Flying,62,44,50,44,50,55
0581,Swanna,Water,Flying,75,87,63,87,63,98
0582,Vanillite,Ice,,36,50,50,65,60,44
0583,Vanillish,Ice,,51,65,65,80,75,59
0584,Vanilluxe,Ice,,71,95,85,110,95,79
0585,Deerling,Normal,Grass,60,60,50,40,50,75
0586,Sawsbuck,Normal,Grass,80,100,70,60,70,95
0587,Emolga,Electric,Flying,55,75,60,75,60,103
0588,Karrablast,Bug,,50,75,45,40,45,60
0589,Escavalier,Bug,Steel,70,135,105,60,105,20
0590,Foongus,Grass,Poison,69,55,45,55,55,15
0591,Amoonguss,Grass,Poison,114,85,70,85,80,30
0592,Frillish,Water,Ghost,55,40,50,65,85,40
0593,Jellicent,Water,Ghost,100,60,70,85,105,60
0594,Alomomola,Water,,165,75,80,40,45,65
0595,Joltik,Bug,Electric,50,47,50,57,50,65
0596,Galvantula,Bug,Electric,70,77,60,97,60,108
0597,Ferroseed,Grass,Steel,44,50,91,24,86,10
0598,Ferrothorn,Grass,Steel,74,94,131,54,116,20
0599,Klink,Steel,,40,55,70,45,60,30
0600,Klang,Steel,,60,80,95,70,85,50
0601,Klinklang,Steel,,60,100,115,70,85,90
0602,Tynamo,Electric,,35,55,40,45,40,60
0603,Eelektrik,Electric,,65,85,70,75,70,40
0604,Eelektross,Electric,,85,115,80,105,80,50
0605,Elgyem,Psychic,,55,55,55,85,55,30
0606,Beheeyem,Psychic,,75,75,75,125,95,40
0607,Litwick,Ghost,Fire,50,30,55,65,55,20
0608,Lampent,Ghost,Fire,60,40,60,95,60,55
0609,Chandelure,Ghost,Fire,60,55,90,145,90,80
0610,Axew,Dragon,,46,87,60,30,40,57
0611,Fraxure,Dragon,,66,117,70,40,50,67
0612,Haxorus,Dragon,,76,147,90,60,70,97
0613,Cubchoo,Ice,,55,70,40,60,40,40
0614,Beartic,Ice,,95,130,80,70,80,50
0615,Cryogonal,Ice,,80,50,50,95,135,105
0616,Shelmet,Bug,,50,40,85,40,65,25
0617,Accelgor,Bug,,80,70,40,100,60,145
0618,Stunfisk,Ground,Electric,109,66,84,81,99,32
0619,Mienfoo,Fighting,,45,85,50,55,50,65
0620,Mienshao,Fighting,,65,125,60,95,60,105
0621,Druddigon,Dragon,,77,120,90,60,90,48
0622,Golett,Ground,Ghost,59,74,50,35,50,35
0623,Golurk,Ground,Ghost,89,124,80,55,80,55
0624,Pawniard,Dark,Steel,45,85,70,40,40,60
0625,Bisharp,Dark,Steel,65,125,100,60,70,70
0626,Bouffalant,Normal,,95,110,95,40,95,55
0627,Rufflet,Normal,Flying,70,83,50,37,50,60
0628,Braviary,Normal,Flying,100,123,75,57,75,80
0629,Vullaby,Dark,Flying,70,55,75,45,65,60
0630,Mandibuzz,Dark,Flying,110,65,105,55,95,80
0631,Heatmor,Fire,,85,97,66,105,66,65
0632,Durant,Bug,Steel,58,109,112,48,48,109
0633,Deino,Dark,Dragon,52,65,50,45,50,38
0634,Zweilous,Dark,Dragon,72,85,70,65,70,58
0635,Hydreigon,Dark,Dragon,92,105,90,125,90,98
0636,Larvesta,Bug,Fire,55,85,55,50,55,60
0637,Volcarona,Bug,Fire,85,60,65,135,105,100
0638,Cobalion,Steel,Fighting,91,90,129,90,72,108
0639,Terrakion,Rock,Fighting,91,129,90,72,90,108
0640,Virizion,Grass,Fighting,91,90,72,90,129,108
0641,Tornadus,Flying,,79,115,70,125,80,111
0642,Thundurus,Electric,Flying,79,115,70,125,80,111
0643,Reshiram,Dragon,Fire,100,120,100,150,120,90
0644,Zekrom,Dragon,Electric,100,150,120,120,100,90
0645,Landorus,Ground,Flying,89,125,90,115,80,101
0646,Kyurem,Dragon,Ice,125,130,90,130,90,95
0647,Keldeo,Water,Fighting,91,72,90,129,90,108
0648,Meloetta,Normal,Psychic,100,77,77,128,128,90
0649,Genesect,Bug,Steel,71,120,95,120,95,99
0650,Chespin,Grass,,56,61,65,48,45,38
0651,Quilladin,Grass,,61,78,95,56,58,57
0652,Chesnaught,Grass,Fighting,88,107,122,74,75,64
0653,Fennekin,Fire,,40,45,40,62,60,60
0654,Braixen,Fire,,59,59,58,90,70,73
0655,Delphox,Fire,Psychic,75,69,72,114,100,104
0656,Froakie,Water,,41,56,40,62,44,71
0657,Frogadier,Water,,54,63,52,83,56,97
0658,Greninja,Water,Dark,72,95,67,103,71,122
0659,Bunnelby,Normal,,38,36,38,32,36,57
0660,Diggersby,Normal,Ground,85,56,77,50,77,78
0661,Fletchling,Normal,Flying,45,50,43,40,38,62
0662,Fletchinder,Fire,Flying,62,73,55,56,52,84
0663,Talonflame,Fire,Flying,78,81,71,74,69,126
0664,Scatterbug,Bug,,38,35,40,27,25,35
0665,Spewpa,Bug,,45,22,60,27,30,29
0666,Vivillon,Bug,Flying,80,52,50,90,50,89
0667,Litleo,Fire,Normal,62,50,58,73,54,72
0668,Pyroar,Fire,Normal,86,68,72,109,66,106
0669,Flabébé,Fairy,,44,38,39,61,79,42
0670,Floette,Fairy,,54,45,47,75,98,52
0671,Florges,Fairy,,78,65,68,112,154,75
0672,Skiddo,Grass,,66,65,48,62,57,52
0673,Gogoat,Grass,,123,100,62,97,81,68
0674,Pancham,Fighting,,67,82,62,46,48,43
0675,Pangoro,Fighting,Dark,95,124,78,69,71,58
0676,Furfrou,Normal,,75,80,60,65,90,102
0677,Espurr,Psychic,,62,48,54,63,60,68
0678,Meowstic,Psychic,,74,48,76,83,81,104
0679,Honedge,Steel,Ghost,45,80,100,35,37,28
0680,Doublade,Steel,Ghost,59,110,150,45,49,35
0681,Aegislash,Steel,Ghost,60,50,140,50,140,60
0682,Spritzee,Fairy,,78,52,60,63,65,23
0683,Aromatisse,Fairy,,101,72,72,99,89,29
0684,Swirlix,Fairy,,62,48,66,59,57,49
0685,Slurpuff,Fairy,,82,80,86,85,75,72
0686,Inkay,Dark,Psychic,53,54,53,37,46,45
0687,Malamar,Dark,Psychic,86,92,88,68,75,73
0688,Binacle,Rock,Water,42,52,67,39,56,50
0689,Barbaracle,Rock,Water,72,105,115,54,86,68
0690,Skrelp,Poison,Water,50,60,60,60,60,30
0691,Dragalge,Poison,Dragon,65,75,90,97,123,44
0692,Clauncher,Water,,50,53,62,58,63,44
0693,Clawitzer,Water,,71,73,88,120,89,59
0694,Helioptile,Electric,Normal,44,38,33,61,43,70
0695,Heliolisk,Electric,Normal,62,55,52,109,94,109
0696,Tyrunt,Rock,Dragon,58,89,77,45,45,48
0697,Tyrantrum,Rock,Dragon,82,121,119,69,59,71
0698,Amaura,Rock,Ice,77,59,50,67,63,46
0699,Aurorus,Rock,Ice,123,77,72,99,92,58
0700,Sylveon,Fairy,,95,65,65,110,130,60
0701,Hawlucha,Fighting,Flying,78,92,75,74,63,118
0702,Dedenne,Electric,Fairy,67,58,57,81,67,101
0703,Carbink,Rock,Fairy,50,50,150,50,150,50
0704,Goomy,Dragon,,45,50,35,55,75,40
0705,Sliggoo,Dragon,,68,75,53,83,113,60
0706,Goodra,Dragon,,90,100,70,110,150,80
0707,Klefki,Steel,Fairy,57,80,91,80,87,75
0708,Phantump,Ghost,Grass,43,70,48,50,60,38
0709,Trevenant,Ghost,Grass,85,110,76,65,82,56
0710,Pumpkaboo,Ghost,Grass,49,66,70,44,55,51
0711,Gourgeist,Ghost,Grass,65,90,122,58,75,84
0712,Bergmite,Ice,,55,69,85,32,35,28
0713,Avalugg,Ice,,95,117,184,44,46,28
0714,Noibat,Flying,Dragon,40,30,35,45,40,55
0715,Noivern,Flying,Dragon,85,70,80,97,80,123
0716,Xerneas,Fairy,,126,131,95,131,98,99
0717,Yveltal,Dark,Flying,126,131,95,131,98,99
0718,Zygarde,Dragon,Ground,108,100,121,81,95,95
0719,Diancie,Rock,Fairy,50,100,150,100,150,50
0720,Hoopa,Psychic,Ghost,80,110,60,150,130,70
0721,Volcanion,Fire,Water,80,110,120,130,90,70
0722,Rowlet,Grass,Flying,68,55,55,50,50,42
0723,Dartrix,Grass,Flying,78,75,75,70,70,52
0724,Decidueye,Grass,Ghost,78,107,75,100,100,70
0725,Litten,Fire,,45,65,40,60,40,70
0726,Torracat,Fire,,65,85,50,80,50,90
0727,Incineroar,Fire,Dark,95,115,90,80,90,60
0728,Popplio,Water,,50,54,54,66,56,40
0729,Brionne,Water,,60,69,69,91,81,50
0730,Primarina,Water,Fairy,80,74,74,126,116,60
0731,Pikipek,Normal,Flying,35,75,30,30,30,65
0732,Trumbeak,Normal,Flying,55,85,50,40,50,75
0733,Toucannon,Normal,Flying,80,120,75,75,75,60
0734,Yungoos,Normal,,48,70,30,30,30,45
0735,Gumshoos,Normal,,88,110,60,55,60,45
0736,Grubbin,Bug,,47,62,45,55,45,46
0737,Charjabug,Bug,Electric,57,82,95,55,75,36
0738,Vikavolt,Bug,Electric,77,70,90,145,75,43
0739,Crabrawler,Fighting,,47,82,57,42,47,63
0740,Crabominable,Fighting,Ice,97,132,77,62,67,43
0741,Oricorio,Fire,Flying,75,70,70,98,70,93
0742,Cutiefly,Bug,Fairy,40,45,40,55,40,84
0743,Ribombee,Bug,Fairy,60,55,60,95,70,124
0744,Rockruff,Rock,,45,65,40,30,40,60
0745,Lycanroc,Rock,,75,115,65,55,65,112
0746,Wishiwashi,Water,,45,20,20,25,25,40
0747,Mareanie,Poison,Water,50,53,62,43,52,45
0748,Toxapex,Poison,Water,50,63,152,53,142,35
0749,Mudbray,Ground,,70,100,70,45,55,45
0750,Mudsdale,Ground,,100,125,100,55,85,35
0751,Dewpider,Water,Bug,38,40,52,40,72,27
0752,Araquanid,Water,Bug,68,70,92,50,132,42
0753,Fomantis,Grass,,40,55,35,50,35,35
0754,Lurantis,Grass,,70,105,90,80,90,45
0755,Morelull,Grass,Fairy,40,35,55,65,75,15
0756,Shiinotic,Grass,Fairy,60,45,80,90,100,30
0757,Salandit,Poison,Fire,48,44,40,71,40,77
0758,Salazzle,Poison,Fire,68,64,60,111,60,117
0759,Stufful,Normal,Fighting,70,75,50,45,50,50
0760,Bewear,Normal,Fighting,120,125,80,55,60,60
0761,Bounsweet,Grass,,42,30,38,30,38,32
0762,Steenee,Grass,,52,40,48,40,48,62
0763,Tsareena,Grass,,72,120,98,50,98,72
0764,Comfey,Fairy,,51,52,90,82,110,100
0765,Oranguru,Normal,Psychic,90,60,80,90,110,60
0766,Passimian,Fighting,,100,120,90,40,60,80
0767,Wimpod,Bug,Water,25,35,40,20,30,80
0768,Golisopod,Bug,Water,75,125,140,60,90,40
0769,Sandygast,Ghost,Ground,55,55,80,70,45,15
0770,Palossand,Ghost,Ground,85,75,110,100,75,35
0771,Pyukumuku,Water,,55,60,130,30,130,5
0772,Type: Null,Normal,,95,95,95,95,95,59
0773,Silvally,Normal,,95,95,95,95,95,95
0774,Minior,Rock,Flying,60,60,100,60,100,60
0775,Komala,Normal,,65,115,65,75,95,65
0776,Turtonator,Fire,Dragon,60,78,135,91,85,36
0777,Togedemaru,Electric,Steel,65,98,63,40,73,96
0778,Mimikyu,Ghost,Fairy,55,90,80,50,105,96
0779,Bruxish,Water,Psychic,68,105,70,70,70,92
0780,Drampa,Normal,Dragon,78,60,85,135,91,36
0781,Dhelmise,Ghost,Grass,70,131,100,86,90,40
0782,Jangmo-o,Dragon,,45,55,65,45,45,45
0783,Hakamo-o,Dragon,Fighting,55,75,90,65,70,65
0784,Kommo-o,Dragon,Fighting,75,110,125,100,105,85
0785,Tapu Koko,Electric,Fairy,70,115,85,95,75,130
0786,Tapu Lele,Psychic,Fairy,70,85,75,130,115,95
0787,Tapu Bulu,Grass,Fairy,70,130,115,85,95,75
0788,Tapu Fini,Water,Fairy,70,75,115,95,130,85
0789,Cosmog,Psychic,,43,29,31,29,31,37
0790,Cosmoem,Psychic,,43,29,131,29,131,37
0791,Solgaleo,Psychic,Steel,137,137,107,113,89,97
0792,Lunala,Psychic,Ghost,137,113,89,137,107,97
0793,Nihilego,Rock,Poison,109,53,47,127,131,103
0794,Buzzwole,Bug,Fighting,107,139,139,53,53,79
0795,Pheromosa,Bug,Fighting,71,137,37,137,37,151
0796,Xurkitree,Electric,,83,89,71,173,71,83
0797,Celesteela,Steel,Flying,97,101,103,107,101,61
0798,Kartana,Grass,Steel,59,181,131,59,31,109
0799,Guzzlord,Dark,Dragon,223,101,53,97,53,43
0800,Necrozma,Psychic,,97,107,101,127,89,79
0801,Magearna,Steel,Fairy,80,95,115,130,115,65
0802,Marshadow,Fighting,Ghost,90,125,80,90,90,125
0803,Poipole,Poison,,67,73,67,73,67,73
0804,Naganadel,Poison,Dragon,73,73,73,127,73,121
0805,Stakataka,Rock,Steel,61,131,211,53,101,13
0806,Blacephalon,Fire,Ghost,53,127,53,151,79,107
0807,Zeraora,Electric,,88,112,75,102,80,143
0808,Meltan,Steel,,46,65,65,55,35,34
0809,Melmetal,Steel,,135,143,143,80,65,34
0810,Grookey,Grass,,50,65,50,40,40,65
0811,Thwackey,Grass,,70,85,70,55,60,80
0812,Rillaboom,Grass,,100,125,90,60,70,85
0813,Scorbunny,Fire,,50,71,40,40,40,69
0814,Raboot,Fire,,65,86,60,55,60,94
0815,Cinderace,Fire,,80,116,75,65,75,119
0816,Sobble,Water,,50,40,40,70,40,70
0817,Drizzile,Water,,65,60,55,95,55,90
0818,Inteleon,Water,,70,85,65,125,65,120
0819,Skwovet,Normal,,70,55,55,35,35,25
0820,Greedent,Normal,,120,95,95,55,75,20
0821,Rookidee,Flying,,38,47,35,33,35,57
0822,Corvisquire,Flying,,68,67,55,43,55,77
0823,Corviknight,Flying,Steel,98,87,105,53,85,67
0824,Blipbug,Bug,,25,20,20,25,45,45
0825,Dottler,Bug,Psychic,50,35,80,50,90,30
0826,Orbeetle,Bug,Psychic,60,45,110,80,120,90
0827,Nickit,Dark,,40,28,28,47,52,50
0828,Thievul,Dark,,70,58,58,87,92,90
0829,Gossifleur,Grass,,40,40,60,40,60,10
0830,Eldegoss,Grass,,60,50,90,80,120,60
0831,Wooloo,Normal,,42,40,55,40,45,48
0832,Dubwool,Normal,,72,80,100,60,90,88
0833,Chewtle,Water,,50,64,50,38,38,44
0834,Drednaw,Water,Rock,90,115,90,48,68,74
0835,Yamper,Electric,,59,45,50,40,50,26
0836,Boltund,Electric,,69,90,60,90,60,121
0837,Rolycoly,Rock,,30,40,50,40,50,30
0838,Carkol,Rock,Fire,80,60,90,60,70,50
0839,Coalossal,Rock,Fire,110,80,120,80,90,30
0840,Applin,Grass,Dragon,40,40,80,40,40,20
0841,Flapple,Grass,Dragon,70,110,80,95,60,70
0842,Appletun,Grass,Dragon,110,85,80,100,80,30
0843,Silicobra,Ground,,52,57,75,35,50,46
0844,Sandaconda,Ground,,72,107,125,65,70,71
0845,Cramorant,Flying,Water,70,85,55,85,95,85
0846,Arrokuda,Water,,41,63,40,40,30,66
0847,Barraskewda,Water,,61,123,60,60,50,136
0848,Toxel,Electric,Poison,40,38,35,54,35,40
0849,Toxtricity,Electric,Poison,75,98,70,114,70,75
0850,Sizzlipede,Fire,Bug,50,65,45,50,50,45
0851,Centiskorch,Fire,Bug,100,115,65,90,90,65
0852,Clobbopus,Fighting,,50,68,60,50,50,32
0853,Grapploct,Fighting,,80,118,90,70,80,42
0854,Sinistea,Ghost,,40,45,45,74,54,50
0855,Polteageist,Ghost,,60,65,65,134,114,70
0856,Hatenna,Psychic,,42,30,45,56,53,39
0857,Hattrem,Psychic,,57,40,65,86,73,49
0858,Hatterene,Psychic,Fairy,57,90,95,136,103,29
0859,Impidimp,Dark,Fairy,45,45,30,55,40,50
0860,Morgrem,Dark,Fairy,65,60,45,75,55,70
0861,Grimmsnarl,Dark,Fairy,95,120,65,95,75,60
0862,Obstagoon,Dark,Normal,93,90,101,60,81,95
0863,Perrserker,Steel,,70,110,100,50,60,50
0864,Cursola,Ghost,,60,95,50,145,130,30
0865,Sirfetch'd,Fighting,,62,135,95,68,82,65
0866,Mr. Rime,Ice,Psychic,80,85,75,110,100,70
0867,Runerigus,Ground,Ghost,58,95,145,50,105,30
0868,Milcery,Fairy,,45,40,40,50,61,34
0869,Alcremie,Fairy,,65,60,75,110,121,64
0870,Falinks,Fighting,,65,100,100,70,60,75
0871,Pincurchin,Electric,,48,101,95,91,85,15
0872,Snom,Ice,Bug,30,25,35,45,30,20
0873,Frosmoth,Ice,Bug,70,65,60,125,90,65
0874,Stonjourner,Rock,,100,125,135,20,20,70
0875,Eiscue,Ice,,75,80,110,65,90,50
0876,Indeedee,Psychic,Normal,60,65,55,105,95,95
0877,Morpeko,Electric,Dark,58,95,58,70,58,97
0878,Cufant,Steel,,72,80,49,40,49,40
0879,Copperajah,Steel,,122,130,69,80,69,30
0880,Dracozolt,Electric,Dragon,90,100,90,80,70,75
0881,Arctozolt,Electric,Ice,90,100,90,90,80,55
0882,Dracovish,Water,Dragon,90,90,100,70,80,75
0883,Arctovish,Water,Ice,90,90,100,80,90,55
0884,Duraludon,Steel,Dragon,70,95,115,120,50,85
0885,Dreepy,Dragon,Ghost,28,60,30,40,30,82
0886,Drakloak,Dragon,Ghost,68,80,50,60,50,102
0887,Dragapult,Dragon,Ghost,88,120,75,100,75,142
0888,Zacian,Fairy,,92,120,115,80,115,138
0889,Zamazenta,Fighting,,92,120,115,80,115,138
0890,Eternatus,Poison,Dragon,140,85,95,145,95,130
0891,Kubfu,Fighting,,60,90,60,53,50,72
0892,Urshifu,Fighting,Dark,100,130,100,63,60,97
0893,Zarude,Dark,Grass,105,120,105,70,95,105
0894,Regieleki,Electric,,80,100,50,100,50,200
0895,Regidrago,Dragon,,200,100,50,100,50,80
0896,Glastrier,Ice,,100,145,130,65,110,30
0897,Spectrier,Ghost,,100,65,60,145,80,130
0898,Calyrex,Psychic,Grass,100,80,80,80,80,80
0899,Wyrdeer,Normal,Psychic,103,105,72,105,75,65
0900,Kleavor,Bug,Rock,70,135,95,45,70,85
0901,Ursaluna,Ground,Normal,130,140,105,45,80,50
0902,Basculegion,Water,Ghost,120,112,65,80,75,78
0903,Sneasler,Fighting,Poison,80,130,60,40,80,120
0904,Overqwil,Dark,Poison,85,115,95,65,65,85
0905,Enamorus,Fairy,Flying,74,115,70,135,80,106
0906,Sprigatito,Grass,,40,61,54,45,45,65
0907,Floragato,Grass,,61,80,63,60,63,83
0908,Meowscarada,Grass,Dark,76,110,70,81,70,123
0909,Fuecoco,Fire,,67,45,59,63,40,36
0910,Crocalor,Fire,,81,55,78,90,58,49
0911,Skeledirge,Fire,Ghost,104,75,100,110,75,66
0912,Quaxly,Water,,55,65,45,50,45,50
0913,Quaxwell,Water,,70,85,65,65,60,65
0914,Quaquaval,Water,Fighting,85,120,80,85,75,85
0915,Lechonk,Normal,,54,45,40,35,45,35
0916,Oinkologne,Normal,,110,100,75,59,80,65
0917,Tarountula,Bug,,35,41,45,29,40,20
0918,Spidops,Bug,,60,79,92,52,86,35
0919,Nymble,Bug,,33,46,40,21,25,45
0920,Lokix,Bug,Dark,71,102,78,52,55,92
0921,Pawmi,Electric,,45,50,20,40,25,60
0922,Pawmo,Electric,Fighting,60,75,40,50,40,85
0923,Pawmot,Electric,Fighting,70,115,70,70,60,105
0924,Tandemaus,Normal,,50,50,45,40,45,75
0925,Maushold,Normal,,74,75,70,65,75,111
0926,Fidough,Fairy,,37,55,70,30,55,65
0927,Dachsbun,Fairy,,57,80,115,50,80,95
0928,Smoliv,Grass,Normal,41,35,45,58,51,30
0929,Dolliv,Grass,Normal,52,53,60,78,78,33
0930,Arboliva,Grass,Normal,78,69,90,125,109,39
0931,Squawkabilly,Normal,Flying,82,96,51,45,51,92
0932,Nacli,Rock,,55,55,75,35,35,25
0933,Naclstack,Rock,,60,60,100,35,65,35
0934,Garganacl,Rock,,100,100,130,45,90,35
0935,Charcadet,Fire,,40,50,40,50,40,35
0936,Armarouge,Fire,Psychic,85,60,100,125,80,75
0937,Ceruledge,Fire,Ghost,75,125,80,60,100,85
0938,Tadbulb,Electric,,61,31,41,59,35,45
0939,Bellibolt,Electric,,109,64,91,103,83,45
0940,Wattrel,Electric,Flying,40,40,35,55,40,70
0941,Kilowattrel,Electric,Flying,70,70,60,105,60,125
0942,Maschiff,Dark,,60,78,60,40,51,51
0943,Mabosstiff,Dark,,80,120,90,60,70,85
0944,Shroodle,Poison,Normal,40,65,35,40,35,75
0945,Grafaiai,Poison,Normal,63,95,65,80,72,110
0946,Bramblin,Grass,Ghost,40,65,30,45,35,60
0947,Brambleghast,Grass,Ghost,55,115,70,80,70,90
0948,Toedscool,Ground,Grass,40,40,35,50,100,70
0949,Toedscruel,Ground,Grass,80,70,65,80,120,100
0950,Klawf,Rock,,70,100,115,35,55,75
0951,Capsakid,Grass,,50,62,40,62,40,50
0952,Scovillain,Grass,Fire,65,108,65,108,65,75
0953,Rellor,Bug,,41,50,60,31,58,30
0954,Rabsca,Bug,Psychic,75,50,85,115,100,45
0955,Flittle,Psychic,,30,35,30,55,30,75
0956,Espathra,Psychic,,95,60,60,101,60,105
0957,Tinkatink,Fairy,Steel,50,45,45,35,64,58
0958,Tinkatuff,Fairy,Steel,65,55,55,45,82,78
0959,Tinkaton,Fairy,Steel,85,75,77,70,105,94
0960,Wiglett,Water,,10,55,25,35,25,95
0961,Wugtrio,Water,,35,100,50,50,70,120
0962,Bombirdier,Flying,Dark,70,103,85,60,85,82
0963,Finizen,Water,,70,45,40,45,40,75
0964,Palafin,Water,,100,70,72,53,62,100
0965,Varoom,Steel,Poison,45,70,63,30,45,47
0966,Revavroom,Steel,Poison,80,119,90,54,67,90
0967,Cyclizar,Dragon,Normal,70,95,65,85,65,121
0968,Orthworm,Steel,,70,85,145,60,55,65
0969,Glimmet,Rock,Poison,48,35,42,105,60,60
0970,Glimmora,Rock,Poison,83,55,90,130,81,86
0971,Greavard,Ghost,,50,61,60,30,55,34
0972,Houndstone,Ghost,,72,101,100,50,97,68
0973,Flamigo,Flying,Fighting,82,115,74,75,64,90
0974,Cetoddle,Ice,,108,68,45,30,40,43
0975,Cetitan,Ice,,170,113,65,45,55,73
0976,Veluza,Water,Psychic,90,102,73,78,65,70
0977,Dondozo,Water,,150,100,115,65,65,35
0978,Tatsugiri,Dragon,Water,68,50,60,120,95,82
0979,Annihilape,Fighting,Ghost,110,115,80,50,90,90
0980,Clodsire,Poison,Ground,130,75,60,45,100,20
0981,Farigiraf,Normal,Psychic,120,90,70,110,70,60
0982,Dudunsparce,Normal,,125,100,80,85,75,55
0983,Kingambit,Dark,Steel,100,135,120,60,85,50
0984,Great Tusk,Ground,Fighting,115,131,131,53,53,87
0985,Scream Tail,Fairy,Psychic,115,65,99,65,115,111
0986,Brute Bonnet,Grass,Dark,111,127,99,79,99,55
0987,Flutter Mane,Ghost,Fairy,55,55,55,135,135,135
0988,Slither Wing,Bug,Fighting,85,135,79,85,105,81
0989,Sandy Shocks,Electric,Ground,85,81,97,121,85,101
0990,Iron Treads,Ground,Steel,90,112,120,72,70,106
0991,Iron Bundle,Ice,Water,56,80,114,124,60,136
0992,Iron Hands,Fighting,Electric,154,140,108,50,68,50
0993,Iron Jugulis,Dark,Flying,94,80,86,122,80,108
0994,Iron Moth,Fire,Poison,80,70,60,140,110,110
0995,Iron Thorns,Rock,Electric,100,134,110,70,84,72
0996,Frigibax,Dragon,Ice,65,75,45,35,45,55
0997,Arctibax,Dragon,Ice,90,95,66,45,65,62
0998,Baxcalibur,Dragon,Ice,115,145,92,75,86,87
0999,Gimmighoul,Ghost,,45,30,70,75,70,10
1000,Gholdengo,Steel,Ghost,87,60,95,133,91,84
1001,Wo-Chien,Dark,Grass,85,85,100,95,135,70
1002,Chien-Pao,Dark,Ice,80,120,80,90,65,135
1003,Ting-Lu,Dark,Ground,155,110,125,55,80,45
1004,Chi-Yu,Dark,Fire,55,80,80,135,120,100
1005,Roaring Moon,Dragon,Dark,105,139,71,55,101,119
1006,Iron Valiant,Fairy,Fighting,74,130,90,120,60,116
1007,Koraidon,Fighting,Dragon,100,135,115,85,100,135
1008,Miraidon,Electric,Dragon,100,85,100,135,115,135
1009,Walking Wake,Water,Dragon,99,83,91,125,83,109
1010,Iron Leaves,Grass,Psychic,90,130,88,70,108,104
1011,Dipplin,Grass,Dragon,80,80,110,95,80,40
1012,Poltchageist,Grass,Ghost,40,45,45,74,54,50
1013,Sinistcha,Grass,Ghost,71,60,106,121,80,70
1014,Okidogi,Poison,Fighting,88,128,115,58,86,80
1015,Munkidori,Poison,Psychic,88,75,66,130,90,106
1016,Fezandipiti,Poison,Fairy,88,91,82,70,125,99
1017,Ogerpon,Grass,,80,120,84,60,96,110
1018,Archaludon,Steel,Dragon,90,105,130,125,65,85
1019,Hydrapple,Grass,Dragon,106,80,110,120,80,44
1020,Gouging Fire,Fire,Dragon,105,115,121,65,93,91
1021,Raging Bolt,Electric,Dragon,125,73,91,137,89,75
1022,Iron Boulder,Rock,Psychic,90,120,80,68,108,124
1023,Iron Crown,Steel,Psychic,90,72,100,122,108,98
1024,Terapagos,Normal,,90,65,85,65,85,60
1025,Pecharunt,Poison,Ghost,88,88,160,88,88,88
